{"cameraMode":{"drawMode":0,"name":"Shaded","section":"Shading Mode"},"sceneLighting":false,"audioPlay":false,"sceneViewState":{"showFog":true,"showMaterialUpdate":false,"showSkybox":true,"showFlares":true,"showImageEffects":true,"showParticleSystems":true},"in2DMode":false,"pivot":{"x":0.08195235580205918,"y":-0.05495688319206238,"z":-0.5389999747276306},"rotation":{"x":-0.030575498938560487,"y":-0.03747297450900078,"z":-0.0011470780009403825,"w":0.9988314509391785},"size":0.7146971225738525,"orthographic":true}