{"cameraMode":{"drawMode":0,"name":"Shaded","section":"Shading Mode"},"sceneLighting":true,"audioPlay":false,"sceneViewState":{"showFog":true,"showMaterialUpdate":false,"showSkybox":true,"showFlares":true,"showImageEffects":true,"showParticleSystems":true},"in2DMode":false,"pivot":{"x":4.468111515045166,"y":-1.0726187229156495,"z":42.570404052734378},"rotation":{"x":0.033852823078632358,"y":0.04795456677675247,"z":-0.00162620993796736,"w":0.9982743859291077},"size":24.946165084838868,"orthographic":false}