{"cameraMode":{"drawMode":0,"name":"Shaded","section":"Shading Mode"},"sceneLighting":false,"audioPlay":false,"sceneViewState":{"showFog":true,"showMaterialUpdate":false,"showSkybox":false,"showFlares":true,"showImageEffects":true,"showParticleSystems":true},"in2DMode":false,"pivot":{"x":1.1200000047683716,"y":-0.699999988079071,"z":4.570000171661377},"rotation":{"x":0.6358256340026856,"y":0.21360105276107789,"z":-0.18939240276813508,"w":0.7170986533164978},"size":14.943114280700684,"orthographic":true}