{"cameraMode":{"drawMode":0,"name":"Shaded","section":"Shading Mode"},"sceneLighting":false,"audioPlay":false,"sceneViewState":{"showFog":true,"showMaterialUpdate":false,"showSkybox":false,"showFlares":true,"showImageEffects":true,"showParticleSystems":true},"in2DMode":false,"pivot":{"x":0.53564453125,"y":-1.07421875,"z":4.06927490234375},"rotation":{"x":0.6358256340026856,"y":0.21360105276107789,"z":-0.18939240276813508,"w":0.7170986533164978},"size":1.7971994876861573,"orthographic":true}